Job Title,Location,Company,Job Type,Pay,Rating
"Senior Software Engineer, Frontend",Remote,Source,Full-time,"$155,000 - $175,000 a year",3.8
Full-stack Software Engineer,Remote,AfterQuery,Part-time,$30 - $60 an hour,N/A
Software Engineer (Full Stack) - Green Team,Remote in Newtown,Law School Admission Council,Full-time,"$108,000 - $115,000 a year",3.5
Software Engineer II,Denver,"VIZIO, Inc.",Full-time,"$95,000 - $125,000 a year",3.6
Senior Full Stack Software Developer,Remote,Capital Rx,Full-time,"$150,000 - $180,000 a year",3
Software Engineer III,Denver,"VIZIO, Inc.",Full-time,"$100,000 - $140,000 a year",3.6
"Software Engineer, Cybersecurity",Hybrid work in Santa Clara,Johnson & Johnson,Full-time,"$89,000 - $165,600 a year",4.2
Mid-level Back-end Software Developer,Remote,CareCentrix,Full-time,"$70,000 - $100,000 a year",2.8
Software Engineer,New York,JPMorganChase,Full-time,"$175,600 - $185,000 a year",3.9
Software Developer,Remote,Group O,Full-time,"$90,000 - $120,000 a year",3
Software Engineer II,Remote in United States,Seismic,Full-time,"$90,400 - $155,900 a year",3.8
Associate Software Engineer,Remote,Intrepid Studios,Full-time,"$80,000 - $112,000 a year",3.5
Java Software Engineer-US,Remote,Bellwood Labs,Full-time,"$80,000 - $110,000 a year",N/A
Entry Level Software Developer,Culver City,Property Matrix,Full-time,"$50,000 - $80,000 a year",4.8
Senior Software Engineer,Remote,"Guidewire Software, Inc.",Full-time,"$144,000 - $240,000 a year",3.7
"Staff Software Engineer, Full Stack",Remote,Headspace,Full-time,"$140,400 - $224,250 a year",3.6
Senior Software Development Engineer,Remote,Information Technology Senior Management Forum,Full-time,"$106,900 - $178,100 a year",N/A
Software Engineer,Seattle,Splunk,Full-time,"$117,120 - $201,300 a year",4.1
Software Engineer II,Redmond,Microsoft,Full-time,"$98,300 - $208,800 a year",4.2
Software Engineer,Remote,Ethena,Full-time,"$135,000 - $205,000 a year",N/A
Senior Full Stack Software Engineer,Hybrid work in Boston,John Hancock,Full-time,"$104,860 - $194,740 a year",4
Software Engineer III,Hybrid work in San Mateo,"Guidewire Software, Inc.",Full-time,"$120,000 - $204,000 a year",3.7
Software Developer Senior,Seattle,Moss Adams,Full-time,"$87,000 - $133,000 a year",3.6
Senior Software Engineer,Remote in Rochester,Expleo,Contract,"$122,000 - $133,000 a year",3
"Software Engineer, Backend",San Francisco,Decagon,Full-time,"$170,000 - $270,000 a year",2.9
Software Engineer - Full Stack (Java),Hybrid work in San Mateo,"Guidewire Software, Inc.",Full-time,"$120,000 - $204,000 a year",3.7
Software Engineer (Full Stack) - Black Team,Remote in Newtown,Law School Admission Council,Full-time,"$108,000 - $115,000 a year",3.5
Software Developer,Remote,SDH Systems,Full-time,"$141,378 a year",N/A
Senior Software Engineer,Raleigh,"Red Hat, Inc.",Full-time,"$116,270 - $191,840 a year",4
Frontend Software Engineer,Hybrid work in San Jose,Zoom,Full-time,$98 an hour,3.9
Software Engineer - Backend,Palo Alto,Rivian,Full-time,"$116,300 - $145,400 a year",2.7
Software Engineer,Remote,Two Barrels,Full-time,"$90,000 - $140,000 a year",N/A
Senior Software Engineer,Remote,Bixal,Full-time,"$130,000 - $135,000 a year",3.4
Software Engineer - Backend,Remote,Evolent Health,Full-time,"$120,000 - $135,000 a year",3
Software Engineer - Backend,San Mateo,Rakuten,Full-time,"$96,442.50 - $163,680.00 a year",3.4
Senior Software Engineer,Remote,Advantage Pro,Full-time,$70 - $80 an hour,N/A
Software Engineer,San Francisco,Delta Dental,Full-time,"$124,505 - $155,605 a year",4.1
Software Engineer,San Francisco,University of California San Francisco,Full-time,"$63,700 - $136,100 a year",4.1
Senior Software Engineer,Hybrid work in San Mateo,"Guidewire Software, Inc.",Full-time,"$144,000 - $240,000 a year",3.7
Software Engineer ( Fullstack) -,San Mateo,Rekuten Global,Full-time,"$96,442.50 - $163,680.00 a year",3.4
Software Engineer II,New York,Mastercard,Full-time,"$110,000 - $176,000 a year",4
Software Engineer II,Remote in Buffalo,M&T Bank,Full-time,"$136,500 - $146,500 a year",3.4
Sr Software Engineer,Remote in Minneapolis,Ameriprise Financial,Full-time,"$141,898 - $173,500 a year",3.8
"Senior Software Engineer, Full Stack",Plano,Information Technology Senior Management Forum,Full-time,"$144,200 - $181,000 a year",N/A
"Software Engineer, Full Stack",Hybrid work in Greenwood Village,CoBank,Full-time,"$89,600 - $110,160 a year",3.3
"Software Development Engineer II, Core Customer Experience",Hybrid work in Seattle,Remitly,Full-time,"$136,000 - $170,000 a year",3.4
Senior Software Engineer,Remote in Chicago,Intelsat,N/A,N/A,N/A
Software Engineer I,Seattle,Payscale,N/A,N/A,N/A
Senior Software Development Engineer,Remote in Seattle,Remitly,N/A,N/A,N/A
Software Engineer,San Jose,Adobe,N/A,N/A,N/A
"Software Engineer, Full Stack",Remote,Coinbase,N/A,N/A,N/A
Senior Software Engineer,Atlanta,"Intercontinental Exchange Holdings, Inc.",N/A,N/A,N/A
"Senior Software Engineer, API Team",Hybrid work in Minneapolis,SmartThings,N/A,N/A,N/A
"Senior Software Developer, Product",Remote,Endpoint Clinical,N/A,N/A,N/A
Software Engineer II,Remote,Harvest NYC,N/A,N/A,N/A
Software Developer,Irvine,SmartStop Self Storage,N/A,N/A,N/A
"Senior, Software Engineer",Denver,"VIZIO, Inc.",N/A,N/A,N/A
Full Stack Engineer,Remote,Bixal,N/A,N/A,N/A
Senior Software Engineer - (C#/Microservices/Azure) - REMOTE,Remote in Chevy Chase,GEICO,N/A,N/A,N/A
Senior Software Engineer,Hybrid work in Texas,Simplifi Holdings LLC,N/A,N/A,N/A
Software Engineer,San Jose,Splunk,N/A,N/A,N/A
Senior Software Development Engineer,Hybrid work in Seattle,Expedia Group,N/A,N/A,N/A
"Sr. Engineer, Software",Remote,Verint Systems Inc.,N/A,N/A,N/A
Senior Full Stack Engineer,Austin,"API, LLC",N/A,N/A,N/A
Software Engineer - Performance Engineering,Hybrid work in San Mateo,"Guidewire Software, Inc.",N/A,N/A,N/A
Software Development Engineer,San Jose,Adobe,N/A,N/A,N/A
"Senior Software Engineer, API",Remote,Headspace,N/A,N/A,N/A
Software Engineer - Associate P3,New York,Morgan Stanley,N/A,N/A,N/A
Software Developer II,Hybrid work in Shakopee,Entrust Datacard,N/A,N/A,N/A
Software Engineer,Oregon,COPE Health Solutions,N/A,N/A,N/A
Software Engineer (Full Stack) - Green Team,Remote in Newtown,Law School Admission Council,N/A,N/A,N/A
Software Engineer,Remote,Coinbase,N/A,N/A,N/A
Principal Software Engineer - API's and Authentication,Remote,Pluralsight,N/A,N/A,N/A
Software Development Engineer,San Jose,Adobe,N/A,N/A,N/A
"Software Engineer, Activations",Remote,Alkami,N/A,N/A,N/A
"Full Stack Software Engineer, Observability AI",Remote,Splunk,N/A,N/A,N/A
Senior Software Engineer - C#/.Net,Hybrid work in New York,Sumitomo Mitsui Banking Corporation,N/A,N/A,N/A
Fullstack Software Engineer,New York,Angle Health,N/A,N/A,N/A
Senior Software Engineer,Remote in Santa Monica,Tapcart,N/A,N/A,N/A
"Software Engineer II, Minecraft",Redmond,Microsoft,N/A,N/A,N/A
Software Engineer,Hybrid work in San Jose,Zoom,N/A,N/A,N/A
Software Development Engineer II,New York,Newmark,N/A,N/A,N/A
Software Engineer,Remote,BetterRX,N/A,N/A,N/A
Senior Full Stack Software Engineer,Wendell,Siemens,N/A,N/A,N/A
Software Engineer III,Remote in Wisconsin,SKYGEN USA,N/A,N/A,N/A
Software Engineer- Full Stack,Lincoln,Nelnet,N/A,N/A,N/A
Senior Software Engineer,Remote,Fullstory,N/A,N/A,N/A
Sr Software Engineer - Full Stack,Remote in Dallas,Blue Yonder,N/A,N/A,N/A
"Software Engineer III - Java, Spring Boot",Palo Alto,JPMorganChase,N/A,N/A,N/A
"Software Engineer, Growth (Full-stack)",Chicago,ActiveCampaign,N/A,N/A,N/A
Software Engineer,Seattle,Splunk,N/A,N/A,N/A
Senior Software Engineer,San Francisco,Genentech,N/A,N/A,N/A
Software Engineer/Senior Software Engineer,New York,Genentech,N/A,N/A,N/A
Backend Software Engineer (EAA),Remote,Coinbase,N/A,N/A,N/A
"Fullstack Software Engineer III - JAVA, Springboot, React",Jersey City,JPMorganChase,N/A,N/A,N/A
"Senior Software Engineer, C# & React",New York,MarketAxess Holdings,N/A,N/A,N/A
Software Engineer - Full Stack,Remote,HONK,N/A,N/A,N/A
Software Engineer - Full-Stack,New York,Accrete.AI,N/A,N/A,N/A
Backend Software Engineer,New York,Angle Health,N/A,N/A,N/A
Software Engineer,Hybrid work in New York,Ramp Financial,N/A,N/A,N/A
"Software Engineer III, Full Stack (Human AI Innovation Team)",Remote,Dataminr,N/A,N/A,N/A
Senior Software Engineer - Full Stack,Remote,Vetsource,N/A,N/A,N/A
Senior Software Engineer - Backend,Remote in San Francisco,Pano AI,N/A,N/A,N/A
Mid-Level Software Engineer,Remote,InvestNext,N/A,N/A,N/A
Software Engineer,New York,FIS Global,N/A,N/A,N/A
Software Engineer II,Remote in Buffalo,M&T Bank,N/A,N/A,N/A
Senior Software Engineer,San Francisco,Decagon,N/A,N/A,N/A
Senior Software Engineer,Hybrid work in Redmond,Microsoft,N/A,N/A,N/A
"Senior Software Engineer, API",Remote,Headspace Sourcing,N/A,N/A,N/A
Full-Stack Technology Engineer,New York,"D. E. Shaw & Co., L.P.",N/A,N/A,N/A
Software Engineer II,Redmond,Microsoft,N/A,N/A,N/A
Software Engineer - Full Stack,Mountain View,Applied Intuition,N/A,N/A,N/A
Software Engineer II (Leasing),San Francisco,AppFolio,N/A,N/A,N/A
Software Development Engineer,Cupertino,Apple,N/A,N/A,N/A
Senior Software Engineer,Remote,"GitHub, Inc.",N/A,N/A,N/A
Senior Software Engineer,Las Vegas,Fontainebleau Las Vegas,N/A,N/A,N/A
"Software Engineer, Backend",San Francisco,Decagon,N/A,N/A,N/A
"Associate, Software Engineer",Hybrid work in New York,Sumitomo Mitsui Banking Corporation,N/A,N/A,N/A
Senior Software Engineer,Sunnyvale,Fortinet,N/A,N/A,N/A
Software Developer (contract),New York,KPMG,N/A,N/A,N/A
Associate Software Engineer,Austin,Talroo,N/A,N/A,N/A
"Senior Backend Software Engineer, Factory Systems",San Carlos,Joby Aviation,N/A,N/A,N/A
Staff Full Stack Software Engineer,Hybrid work in San Jose,PayPal,N/A,N/A,N/A
"Software Engineer, Frontend",New York,Wealthfront,N/A,N/A,N/A
Senior Software Engineer - Backend,New York,dYdX,N/A,N/A,N/A
Software Engineer II,Remote,Security Innovation,N/A,N/A,N/A
Full Stack Java Developer,New York,GFT Technologies SE,N/A,N/A,N/A
Specialist I - Software Engineering,Aliso Viejo,UST Global,N/A,N/A,N/A
Software Development Engineer,New York,LSEG (London Stock Exchange Group),N/A,N/A,N/A
"Software Engineer, Full Stack",Hybrid work in San Francisco,Parabola,N/A,N/A,N/A
Software Engineer - Web,United States,Plaid,N/A,N/A,N/A
Full-Stack Founding Software Engineer,Brooklyn,Brooklyn Navy Yard Development Corporation,Part-time,"$140,000 a year",4.5
Software Engineer II,Remote,"Security Innovation, Inc.",N/A,N/A,N/A
Software Engineer,San Jose,Innominds Software,N/A,N/A,N/A
"Associate Software Development Engineer, Healthcare",San Francisco,LiveRamp,Full-time,"$113,500 - $133,500 a year",3.4
Senior Software Engineer - Frontend,Remote in United States,kraken,N/A,N/A,N/A
"Senior Software Engineer, Frontend (Institutional - Prime)",Remote,Coinbase,Full-time,"$186,065 - $218,900 a year",3.9
"Software Engineer, Frontend (Consumer - Growth)",Remote,Coinbase,N/A,N/A,N/A
Software Engineer - Frontend,Seattle,Hive,N/A,N/A,N/A
"Software Engineer, Full Stack",Seattle,OpenAI,Full-time,"$255,000 - $405,000 a year",4.5
"Software Engineer, Full Stack (People Innovation)",Remote,OpenAI,N/A,N/A,N/A
Software Developer – Level II,Remote,PC Bennett Solutions,N/A,N/A,N/A
Software Engineer II,Hybrid work in Seattle,Redfin,Full-time,"$121,900 - $165,100 a year",3.5
Full Stack Engineer,Remote,PUTNAM RECRUITING GROUP,N/A,N/A,N/A
Platform Software Engineer - CI/CD,Foster City,Zoox,N/A,N/A,N/A
Software Engineer,Remote,PUTNAM RECRUITING GROUP,Full-time,"$140,000 - $180,000 a year",N/A
Software Engineer - Frontend,San Francisco,Hive,N/A,N/A,N/A
"Software Engineer, Full Stack, Level 4",Hybrid work in Los Angeles,Snapchat,N/A,N/A,N/A
"Software Engineer, Backend",Remote,Clubhouse,Full-time,"$200,000 - $245,000 a year",4.2
Software Engineer,Mountain View,Salesforce,N/A,N/A,N/A
Senior Software Engineer,Remote,Advantage Pro,Full-time,$70 - $80 an hour,N/A
Frontend Software Engineer,Hybrid work in San Jose,Zoom,N/A,N/A,N/A
Senior Software Engineer - Backend,Remote in Salt Lake City,MasterControl,N/A,N/A,N/A
Software Developer,Remote in Dublin,SDH Systems,Full-time,"$155,605 a year",N/A
"Senior Software Engineer, Shiny",Remote,RStudio,N/A,N/A,N/A
Senior Software Developer,Remote,U-Haul,N/A,N/A,N/A
"Senior Software Engineer, Originations",Remote,Credit Acceptance,Full-time,"$130,047 - $190,736 a year",3.5
Software Engineer III,Seattle,f5,N/A,N/A,N/A
"Senior Software Engineer, Full Stack (Java/Python)",McLean,Information Technology Senior Management Forum,N/A,N/A,N/A
Software Engineer III,Remote in Eden Prairie,C.H. Robinson,N/A,N/A,N/A
Senior Frontend Software Engineer,Remote in San Francisco Bay Area,Sirona Medical,Full-time,"$165,000 - $185,000 a year",N/A
Software Engineer - Full Stack (Flutter/Node),Remote,GoodLeap,N/A,N/A,N/A
Sr Software Development Engineer,Hybrid work in Wellesley,CVS Health,N/A,N/A,N/A
Senior Software Engineer,San Antonio,Marathon Petroleum Company LP,Full-time,"$101,800 - $175,400 a year",3.6
Senior Software Engineer,Remote in Fargo,Eide Bailly LLP,N/A,N/A,N/A
Software Engineer - Backend,Remote,Evolent Health,Full-time,"$120,000 - $135,000 a year",3
Software Developer,Remote,SDH Systems,N/A,N/A,N/A
Frontend Software Engineer,Denver,Bayview Asset Management,Full-time,"$100,000 - $165,000 a year",3.4
Senior Developer - Web Software,Denver,"Frontier Airlines, Inc",N/A,N/A,N/A
Frontend Software Engineer (R2552),United States,SHIELD AI,N/A,N/A,N/A
Software Developer II,Hybrid work in Shakopee,Entrust Datacard,Full-time,"$100,781 - $147,813 a year",3.3
"Software Engineer, Activations",Remote,Alkami,N/A,N/A,N/A
UI Software Engineer (Contract),Seattle,Truveta,N/A,N/A,N/A
Staff Full Stack Software Engineer,Hybrid work in San Jose,PayPal,Full-time,"$84,500 - $204,600 a year",3.8
"Software Engineer, Frontend",San Francisco,Decagon,N/A,N/A,N/A
"Software Engineer, Growth (Full-stack)",Chicago,ActiveCampaign,N/A,N/A,N/A
"Senior, Software Engineer",Denver,"VIZIO, Inc.",Full-time,"$100,000 - $150,000 a year",3.6
"Software Engineer, Frontend",Palo Alto,Wealthfront,N/A,N/A,N/A
Software Engineer - Frontend,Mountain View,Applied Intuition,N/A,N/A,N/A
FLEX Senior Software Engineer - Front End,Hybrid work in Bethesda,"Marriott International, Inc",Full-time,$47.35 - $84.09 an hour,4
Software Engineer II (Leasing),San Francisco,AppFolio,N/A,N/A,N/A
"Software Engineer, Frontend",San Francisco,OpenAI,N/A,N/A,N/A
Senior Software Developer,Remote,PC Bennett Solutions,Full-time,"$120,000 - $150,000 a year",N/A
Senior Software Engineer,Denver,Prove,N/A,N/A,N/A
Staff Software Engineer,Remote in New York,Moody's,N/A,N/A,N/A
Sr. Software Engineer (Frontend),Lexington,Rakuten,Full-time,"$105,435 - $179,740 a year",3.4
Software Development Engineer,Hybrid work in Woonsocket,CVS Health,N/A,N/A,N/A
Software Development Engineer,San Diego,Apple,N/A,N/A,N/A
Senior Software Engineer - Frontend,Remote in United States,kraken,Full-time,"$127,000 - $203,000 a year",3.6
Associate Software Engineer,San Diego,ResMed,N/A,N/A,N/A
Software Development Engineer in Test,New York,"Intercontinental Exchange Holdings, Inc.",N/A,N/A,N/A
Java Senior Software Engineer,Pleasanton,Gap Inc.,Full-time,"$206,315 - $211,315 a year",3.7
Software Engineer - Backend,New York,dYdX,N/A,N/A,N/A
Backend Software Engineer,New York,Cast & Crew,N/A,N/A,N/A
"Software Engineer, 2",New York,Dotdash Meredith,Full-time,"$115,000 - $135,000 a year",3.2
"Senior Software Engineer, API Team",Hybrid work in Minneapolis,SmartThings,N/A,N/A,N/A
Software Developer (Java),San Ramon,HS Solutions,Full-time,"$215,197 - $220,000 a year",4
Software Engineer,Aurora,"Interclypse, Inc.",N/A,N/A,N/A
"Senior Software Engineer, Full-Stack",Remote,Owner,N/A,N/A,N/A
"Software Engineer, Full-Stack",Palo Alto,Mashgin,Full-time,"$150,000 - $275,000 a year",N/A
"Full Stack Engineer (React, Node.js)",Remote,ghSMART,N/A,N/A,N/A
"Frontend Software Engineer, Digital Experience",Fremont,Tesla,N/A,N/A,N/A
Software Engineer - RAG,Palo Alto,Salesforce,Full-time,"$157,600 - $236,500 a year",4.2
"Software Engineer, Backend",Palo Alto,Mashgin,N/A,N/A,N/A
ReactJS Front-End Developer,Remote,Voya Financial,N/A,N/A,N/A
Software Engineer - Workshop,Remote,Second Front Systems,Full-time,"$188,000 - $207,000 a year",3
"Front End Software Engineer, Tapestry",Mountain View,Loon,N/A,N/A,N/A
Senior Software Engineer - Frontend,San Francisco,Hive,N/A,N/A,N/A
Senior Software Engineer,Seattle,Modus Closing,Full-time,"$131,000 - $197,000 a year",N/A
Senior Frontend Software Engineer,Chicago,Ubiety,N/A,N/A,N/A
Software Developer,Remote,SDH Systems,Full-time,"$141,378 a year",N/A
"Sr. Engineer, Software",Remote,Verint Systems Inc.,N/A,N/A,N/A
Senior Frontend Engineer - Intercom,San Mateo,Verkada,N/A,N/A,N/A
Senior Software Engineer,Seattle,Payscale,Full-time,"$140,000 - $211,300 a year",3.5
"Senior Software Engineer- Frontend, Observability (US Remote Available)",Remote,Splunk,N/A,N/A,N/A
Software Engineer,Remote in Washington,Base-2 Solutions,N/A,N/A,N/A
Software Engineer,Remote in Golden,Tradeweb Markets LLC,Full-time,"$170,000 - $185,000 a year",3.7
Software Engineering LMTS,Bellevue,Salesforce,N/A,N/A,N/A
Senior Software Engineer,Santa Monica,Western Alliance Bank,N/A,N/A,N/A
Full Stack Software Engineer,Hybrid work in Annapolis Junction,Bytoa,Full-time,"$145,000 - $270,000 a year",N/A
Software Engineer II - Flink,Sunnyvale,Uber,N/A,N/A,N/A
Senior Software Engineer - Full Stack,Hybrid work in Menlo Park,Cyngn,N/A,N/A,N/A
Software Engineer - Java Developer with React,Charlotte,Lowe's,Full-time,"$75,300 - $143,100 a year",3.4
Sr. Software Engineer,Remote in San Mateo,Treering,N/A,N/A,N/A
Softward Engineer - Frontend,Seattle,Hive,N/A,N/A,N/A
Staff Full Stack Software Engineer,Hybrid work in San Jose,PayPal,Full-time,"$84,500 - $204,600 a year",3.8
Software Developer,Irvine,SmartStop Self Storage,N/A,N/A,N/A
"Senior Software Engineer- Frontend, Observability (US Remote Available)",Remote,Splunk,Full-time,"$139,840 - $240,350 a year",4.1
Senior Full Stack Software Engineer,Remote,Danomics,N/A,N/A,N/A
"Software Engineer, PatientKeeper",Boston,Commure + Athelas,N/A,N/A,N/A
"Senior Software Engineer, Backend",San Francisco,Kiddom,N/A,N/A,N/A
Software Development Engineer,Sunnyvale,Fortinet,Full-time,"$166,100 - $214,900 a year",3.7
Senior Software Engineer - Backend,Seattle,Hive,N/A,N/A,N/A
"Senior Software Engineer, Backend",Remote,Apollo Graph,N/A,N/A,N/A
Software Engineer,San Francisco,MyHealthTeam,Full-time,"$100,000 - $170,000 a year",N/A
Senior Software Engineer - Frontend,Seattle,Hive,N/A,N/A,N/A
Senior Full-Stack Software Engineer,Remote in San Francisco Bay Area,Kodiak,N/A,N/A,N/A
Software Engineer,Charlotte,Moody's,Full-time,"$155,688 a year",3.6
Software Engineering MTS,San Francisco,Salesforce,N/A,N/A,N/A
Senior Full Stack Engineer,Remote,Invisible AI,N/A,N/A,N/A
Senior Software Development Engineer,Remote in Austin,CVS Health,Full-time,"$92,700 - $185,400 a year",3.2
"Sr Engineer, Software",Atlanta,"T-Mobile USA, Inc.",N/A,N/A,N/A
Senior Node JS Software Engineer,Remote in Hartford,CVS Health,Full-time,"$92,700 - $203,940 a year",3.2
Software Engineer III - #1706 (Full-Stack),Remote in United States,MeridianLink,N/A,N/A,N/A
"Front End Software Engineer, Subscriptions",Washington,The Washington Post,N/A,N/A,N/A
Software Engineer (JavaScript Full-stack),Hybrid work in Rancho Cordova,Delta Dental,Full-time,"$80,500 - $174,300 a year",4.1
"Software Engineer, Models - US (Remote)",Remote in San Francisco,Weights & Biases,N/A,N/A,N/A
Senior Engineer – Software Engineering,Chevy Chase,GEICO,N/A,N/A,N/A
"Software Engineer, Core Platform",Mountain View,Moveworks.ai,Full-time,"$144,000 - $176,000 a year",4.7
"Full Stack Software Engineer, Operational Tools",Foster City,Zoox,N/A,N/A,N/A
Senior Software Developer – Flex Schedule,Remote,Grant Street Group,N/A,N/A,N/A
Senior Front-End Software Engineer,Hybrid work in Chicago,Morningstar,Full-time,"$110,775 - $188,325 a year",3.9
Frontend Engineer,New York,Accrete.AI,N/A,N/A,N/A
Sr. Software Engineer,San Mateo,Rakuten,N/A,N/A,N/A
"Senior Software Engineer, Full-Stack",Remote in Mountain View,General Motors,Full-time,$158 an hour,4
Software Developer,Remote,SDH Systems,N/A,N/A,N/A
AI Software Engineer (Backend) - AI Research Team,Palo Alto,Salesforce,Full-time,"$172,000 - $236,500 a year",4.2
"Senior Software Engineer, Frontend (Consumer Products)",Remote,Coinbase,N/A,N/A,N/A
Software Development Engineer II,Seattle,Blue Origin,N/A,N/A,N/A
Software Engineer II,Seattle,"VIZIO, Inc.",Full-time,"$96,000 - $140,000 a year",3.6
"Senior Full Stack Software Engineer, DVM",Remote,Credit Acceptance,N/A,N/A,N/A
"Software Engineer, Enterprise Applications",San Bruno,Verily,N/A,N/A,N/A
Full Stack Software Developer,Annapolis Junction,Cornerstone Defense,Contract,"$170,000 - $190,000 a year",3.8
Sr. Software Engineer,San Jose,Adobe,N/A,N/A,N/A
"Software Engineer, HAP Tech",New York,"Berkeley Research Group, LLC",N/A,N/A,N/A
Software Engineer II - App Platform,Hybrid work in San Mateo,"Guidewire Software, Inc.",Full-time,"$100,000 - $174,000 a year",3.7
Senior Software Engineer (Full Stack),Remote in Austin,Productable,N/A,N/A,N/A
"Software Engineer, Accounts",Remote in San Francisco,Vercel,N/A,N/A,N/A
Mid-Level Software Developer,Fort Collins,Triple Crown Sports,N/A,N/A,N/A
Software Engineer II,Remote in Buffalo,M&T Bank,Full-time,"$143,666 - $148,000 a year",3.4
"Software Engineer, Backend",Palo Alto,Mashgin,Full-time,"$150,000 - $275,000 a year",N/A
"Software Engineer, Knowledge Platform",Remote,Dataminr,N/A,N/A,N/A
Senior Software Engineer 674,Hybrid work in New York,Protegrity,N/A,N/A,N/A
Junior Full Stack Web Application Developer (Remote),Remote,"3GIMBALS, LLC",N/A,N/A,N/A
"Software Engineer, Platform",Remote,Vercel,Full-time,"$196,000 - $294,000 a year",4.5
"Software Engineer, Sim2Real",Hybrid work in Mountain View,Waymo,N/A,N/A,N/A
Software Engineer,Hybrid work in New York,Ramp Financial,N/A,N/A,N/A
Sr. Full Stack Software Engineer (NYC Hybrid),Hybrid work in New York,T. Rowe Price,Full-time,"$118,000 - $253,000 a year",3.6
Software Engineer,Los Angeles,Viant,N/A,N/A,N/A
Software Developer II,Hybrid work in Seattle,Redfin,N/A,N/A,N/A
"Software Development Engineer, Sales Platform",Hybrid work in Seattle,PitchBook Data,Full-time,"$145,000 - $165,000 a year",3.8
Software Engineer - Infrastructure Team,New York,WalkMe,N/A,N/A,N/A
Senior Full Stack Software Engineer,New York,IGN,N/A,N/A,N/A
MTS Software Engineer,San Francisco,Salesforce,Full-time,"$155,605 - $188,600 a year",4.2
Associate Software Engineer,Newark,Prudential,N/A,N/A,N/A
Senior Software Engineer,Hybrid work in Texas,Simplifi Holdings LLC,Full-time,"$130,000 - $150,000 a year",N/A
"Senior Software Engineer, Frontend (Consumer Products)",Remote,Coinbase,N/A,N/A,N/A
"Software Engineer, PatientKeeper",Boston,Commure + Athelas,N/A,N/A,N/A
Staff Software Engineer - mParticle - NYC,Hybrid work in New York,mParticle,Full-time,"$200,000 - $375,000 a year",N/A
Senior Software Development Engineer,Santa Clara,Fortinet,N/A,N/A,N/A
Senior Full Stack Web Developer,Remote,"QSC, LLC",N/A,N/A,N/A
"Senior Software Developer (Virtual, Full-time)",Jersey City,WEALTHCOUNSEL LLC,Full-time,"$125,000 - $150,000 a year",N/A
"Senior Software Engineer I, Delphix",Remote in Minneapolis,Perforce,N/A,N/A,N/A
Senior ML Software Development Engineer,Santa Clara,Fortinet,N/A,N/A,N/A
Senior Software Development Engineer,San Jose,Adobe,Full-time,"$153,600 - $286,600 a year",4.3
"Staff Software Engineer, Full Stack",Palo Alto,Rivian and VW Group Technology,N/A,N/A,N/A
"Software Engineer, Marketplace (Mid-level and above)",Hybrid work in San Francisco,CloudTrucks,N/A,N/A,N/A
Sr. Software Engineer,Irvine,Rivian,Full-time,"$135,100 - $168,900 a year",2.7
Python Software Engineer II,Jersey City,JPMorganChase,N/A,N/A,N/A
Solutions Software Engineer,Emeryville,Oxide Computer Company,N/A,N/A,N/A
"Sr. Engineer, Software",Remote,Verint Systems Inc.,Full-time,"$103,000 - $150,000 a year",3.5
Software Development Engineer 3,Remote in Portland,WEX Inc.,N/A,N/A,N/A
Software Engineer II,Remote,Security Innovation,Full-time,"$134,000 - $166,000 a year",3.6
"Software Engineer, Growth (Full-stack)",Chicago,ActiveCampaign,N/A,N/A,N/A
"Full Stack Engineer (React, Node.js)",Remote,ghSMART,N/A,N/A,N/A
Senior Software Developer,Remote,PC Bennett Solutions,Full-time,"$120,000 - $150,000 a year",N/A
Senior Software Developer – Flex Schedule,Remote,Grant Street Group,N/A,N/A,N/A
Software Engineering LMTS,Bellevue,Salesforce,N/A,N/A,N/A
"Sr Engineer, Software",Atlanta,"T-Mobile USA, Inc.",Full-time,"$113,600 - $205,000 a year",3.7
"Senior Software Engineer- Frontend, Observability (US Remote Available)",Remote,Splunk,N/A,N/A,N/A
Senior Software Engineer - Streaming,Hybrid work in Palo Alto,Rivian and VW Group Technology,N/A,N/A,N/A
"Software Engineer, Money",Remote,Vercel,Full-time,"$196,000 - $294,000 a year",4.5
Senior Software Engineer,California,Broadcom,N/A,N/A,N/A
Junior Software Developer,Remote in Frederick,Orases,N/A,N/A,N/A
Senior Full Stack Engineer - React,Hybrid work in New York,CVS Health,Full-time,"$92,700 - $222,480 a year",3.2
"Front-End Software Engineer, IXL Product",San Mateo,IXL Learning,N/A,N/A,N/A
Junior Software Engineer,Waterford,"Sonalysts, Inc.",Full-time,"$70,000 - $85,000 a year",3.7
SOFTWARE DEVELOPER-JUNIOR* - 04152025-66741,Remote in Nashville,Transportation,N/A,N/A,N/A
Senior Software Engineer,Remote in San Francisco,Imgix,N/A,N/A,N/A
Software Engineer III - Core Java Developer (Global Markets Reg Reporting and Ops Technology),New York,Bank of America,Full-time,"$100,700 - $180,000 a year",3.8
"Software Engineer, Backend, Level 4",Hybrid work in Los Angeles,Snapchat,N/A,N/A,N/A
Senior Software Engineer,New York,TP ICAP,N/A,N/A,N/A
Mid-Level Software Engineer,Hybrid work in Carlsbad,KBR,N/A,N/A,N/A
Senior Software Engineer,San Mateo,IXL Learning,Full-time,"$130,000 - $200,000 a year",3.1
Senior Software Engineer,Chicago,The University of Chicago,N/A,N/A,N/A
Software Engineer,San Francisco,"Twitch Interactive, Inc.",N/A,N/A,N/A
Software Developer (JAVA),McKinney,BNS International,Full-time,"$149,781 a year",N/A
Software Engineer - Backend,San Francisco,Plaid,N/A,N/A,N/A
Software Engineer - API Platform,Remote in Los Angeles,United Talent Agency (UTA),N/A,N/A,N/A
Software Developer,Suitland,"Earth Resources Technology, Inc",Full-time,"$62,000 - $275,000 a year",3.6
Principal Software Engineer - API's and Authentication,Remote,Pluralsight,N/A,N/A,N/A
Senior Developer - Web Software,Denver,"Frontier Airlines, Inc",Full-time,N/A,3.3
Senior Frontend Engineer - Intercom,San Mateo,Verkada,N/A,N/A,N/A
Software Engineer,Remote in Washington,Base-2 Solutions,N/A,N/A,N/A
"Senior Software Engineer (I, II, III)",South San Francisco,Cellares,Full-time,"$90,000 - $210,000 a year",N/A
Software Engineer,Melbourne,Thales,N/A,N/A,N/A
Senior Software Engineer,Remote,Velo3D,N/A,N/A,N/A
"Front End Software Engineer, Leverage Engineering",San Francisco,OpenAI,Full-time,"$255,000 - $405,000 a year",4.5
"Senior Software Development Engineer, Digital Experience",Hybrid work in Seattle,Qualtrics,N/A,N/A,N/A
Software Engineer,New York,Persistent Systems,N/A,N/A,N/A
Software Engineer,New York,Arch,Full-time,"$100,000 - $250,000 a year",3.9
Sr. Software Engineer,Palo Alto,Stanford Health Care,N/A,N/A,N/A
Senior Software Engineer,Texas,Dutech Systems,N/A,N/A,N/A
Software Engineer II ( Full-Stack) - #1721,Remote in United States,MeridianLink,Full-time,"$114,300 - $161,400 a year",3.4
Experienced Software Engineer - Fullstack,San Francisco,Plaid,N/A,N/A,N/A
Senior Software Engineer,Remote,Advantage Pro,Full-time,$70 - $80 an hour,N/A
Staff Full Stack Software Engineer,Hybrid work in San Jose,PayPal,N/A,N/A,N/A
Sr. Software Engineer,Remote,Penn Mutual,N/A,N/A,N/A
Senior Software Engineer - Frontend,Remote in United States,kraken,Full-time,"$127,000 - $203,000 a year",3.6
Senior Software Developer,Remote,U-Haul,N/A,N/A,N/A
Software Development Engineer 3,Remote in Portland,WEX Inc.,N/A,N/A,N/A
"Senior, Software Engineer",Denver,"VIZIO, Inc.",Full-time,"$100,000 - $150,000 a year",3.6
Senior Software Engineer,Seattle,Payscale,N/A,N/A,N/A
Sr Software Development Engineer,Hybrid work in Wellesley,CVS Health,N/A,N/A,N/A
Software Developer,McKinney,BNS International,Full-time,"$149,781 a year",N/A
Senior Software Engineer - Streaming,Hybrid work in Palo Alto,Rivian and VW Group Technology,N/A,N/A,N/A
"Senior Software Engineer, Fullstack",Mountain View,Moveworks.ai,N/A,N/A,N/A
Software Engineer - Backend,Seattle,Hive,Full-time,"$120,000 - $180,000 a year",3.4
Software Engineer,Hybrid work in New York,Ramp Financial,N/A,N/A,N/A
"Software Engineer, Healthcare",San Francisco,OpenAI,N/A,N/A,N/A
Senior Software Developer – Flex Schedule,Remote,Grant Street Group,Full-time,"$100,000 - $200,000 a year",4.2
Senior Software Engineer,San Mateo,IXL Learning,N/A,N/A,N/A
"Sr. MTS, Software Engineer",Hybrid work in San Jose,PayPal,N/A,N/A,N/A
"Frontend Engineer, Agentic Tooling",Hybrid work in San Francisco,OpenAI,Full-time,"$220,000 - $320,000 a year",4.5
Software Engineer (entry-level),Hybrid work in Tysons Corner,Nodal Exchange,N/A,N/A,N/A
Software Engineer – Artifact Management & Continuous Integration,San Francisco,GEICO,N/A,N/A,N/A
Python Software Engineer,New York,Old Mission,Full-time,"$175,000 - $225,000 a year",N/A
Software Engineer (Solutions Engineer III),Los Angeles,Capital Group Companies,N/A,N/A,N/A
"Software Engineer, Real Time",Seattle,OpenAI,N/A,N/A,N/A
Sr. Software Developer,Remote,Covius,Full-time,"$100,800 - $126,000 a year",3
Frontend Software Engineer - React / Typescript (Backstage),New York,Cast & Crew,N/A,N/A,N/A
"Software Engineer - Fullstack, Redmond",Redmond,Microsoft,N/A,N/A,N/A
"Software Engineer II, Recommendations",Seattle,Rover,Full-time,"$118,000 - $153,000 a year",4.3
Product Engineer (Full Stack),San Francisco,Orbis,N/A,N/A,N/A
Full-Stack Engineer,San Francisco,Spyglass Software,N/A,N/A,N/A
"Software Engineer, Site",San Francisco,Vercel,Full-time,"$196,000 - $294,000 a year",4.5
Senior Software Engineer,Los Angeles,Capital Group Companies,N/A,N/A,N/A
Full Stack Software Engineer,Chantilly,Markon,Full-time,"$150,000 - $180,000 a year",4.1
"Software Engineer - Full Stack, Visualization Tools",Foster City,Zoox,N/A,N/A,N/A
Senior Software Engineer - (100% Remote),Remote in Washington,Serco North America,N/A,N/A,N/A
"Senior Software Engineer, Sweeps - US (Remote)",Remote in San Francisco,Weights & Biases,Full-time,"$177,000 - $245,000 a year",N/A
"Senior Software Engineer, UI",New York,MarketAxess Holdings,N/A,N/A,N/A
"Software Engineer, Platform Engineering",Remote in San Diego,ResMed,N/A,N/A,N/A
Senior Software Engineer - Backend,San Francisco,Ryder System,Full-time,"$200,000 - $296,000 a year",3.2
Software Development Engineer II,Hybrid work in Springfield,Expedia Group,N/A,N/A,N/A
Deloitte Technology |Product Engineering |Fullstack Software Engineer| Vision360,San Diego,Deloitte,N/A,N/A,N/A
"Software Engineer (JavaScript, Next.js, React)",New York,Complex,Full-time,"$115,000 - $140,000 a year",3.9
Software Engineer - API Designer,San Francisco,OpenAI,N/A,N/A,N/A
"Distinguished MTS, Software Engineer",Hybrid work in San Jose,PayPal,N/A,N/A,N/A
Software Engineer - Backend,San Francisco,Hive,Full-time,"$120,000 - $180,000 a year",N/A
Sr. Software Engineer,Remote,Penn Mutual,N/A,N/A,N/A
Software Engineer,Remote in Washington,Base-2 Solutions,Full-time,"$130,711.94 - $174,282.58 a year",3.3
MTS Software Engineer,San Francisco,Salesforce,N/A,N/A,N/A
Associate Software Engineer,Newark,Prudential,N/A,N/A,N/A
Senior Software Engineer-Full Stack,Hybrid work in New York,K. Hovnanian Homes,N/A,N/A,N/A
Software Development Engineer - US Federal,Atlanta,Workday,N/A,N/A,N/A
"Senior Software Engineer II, Backend",Remote in California,Second Dinner,N/A,N/A,N/A
Staff Full-Stack Engineer,Hybrid work in Bellevue,Okta,N/A,N/A,N/A
"Senior Software Engineer - Enrichments, Seattle",Hybrid work in Seattle,Qualtrics,N/A,N/A,N/A
Senior/Staff Software Engineer - Full Stack,Remote,Eppo,N/A,N/A,N/A
Senior Software Engineer,Hybrid work in New York,Trading Technologies,N/A,N/A,N/A
Senior Software Engineer,Tempe,Endpoint Closing,N/A,N/A,N/A
Full Stack Web Engineer,Ashburn,Howard Hughes Medical Institute,N/A,N/A,N/A
"Software Development Engineer, Web Information System",Bellevue,"Amazon Development Center U.S., Inc.",N/A,N/A,N/A
Software Engineer (Flutter),Palo Alto,Chai,N/A,N/A,N/A
"Software Engineer, Growth (Full-stack)",Chicago,ActiveCampaign,Full-time,"$104,000 - $143,000 a year",3.2
FLEX Senior Software Engineer - Front End,Hybrid work in Bethesda,"Marriott International, Inc",Full-time,$47.35 - $84.09 an hour,4
Senior Full Stack Web Developer,Remote,"QSC, LLC",Full-time,"$123,000 - $161,000 a year",3.3
Software Engineer,Melbourne,Thales,Full-time,"$81,230.25 - $141,698.00 a year",3.9
Senior Software Engineer - Streaming,Hybrid work in Palo Alto,Rivian and VW Group Technology,Full-time,"$132,100 - $165,100 a year",N/A
"Software Engineer, Backend",Seattle,OpenAI,Full-time,"$245,000 - $385,000 a year",4.5
Senior Software Engineer - Javascript Stack - Full Stack,Louisville,Gaia,Full-time,"$140,000 - $190,000 a year",2
Software Engineer (full-stack),San Diego,Whova,Full-time,"$70,000 - $100,000 a year",N/A
Full Stack Engineer,San Francisco,Rivio AI INC,Full-time,"$140,000 - $180,000 a year",N/A
"Software Engineer, Weave - San Francisco (Hybrid)",Remote in San Francisco,Weights & Biases,Full-time,"$177,000 - $245,000 a year",N/A
Forward Deployed Software Engineer,Hybrid work in San Francisco,OpenAI,Full-time,"$200,000 - $310,000 a year",4.5
Front End Software Applications Developer,University Park,Penn State University,Full-time,"$76,700 - $129,500 a year",4.3
"Senior Software Engineer- Frontend, Observability (US Remote Available)",Remote,Splunk,Full-time,"$139,840 - $240,350 a year",4.1
Full Stack Developer,Remote,CareCentrix,Full-time,"$85,000 - $110,000 a year",2.8
Deloitte Technology |Product Engineering |Fullstack Software Engineer| Vision360,New York,Deloitte,Full-time,"$93,000 - $191,000 a year",3.9
"Senior Software Engineer- Frontend, Observability (US Remote Available)",Remote,Splunk,Full-time,"$139,840 - $240,350 a year",4.1
Senior Frontend Software Engineer,Chicago,Ubiety,Full-time,"$145,000 - $165,000 a year",N/A
Senior Full Stack Engineer - React,Hybrid work in New York,CVS Health,Full-time,"$92,700 - $222,480 a year",3.2
"Software Engineer, Real Time",Seattle,OpenAI,Full-time,"$255,000 - $405,000 a year",4.5
Software Engineer (L4) - Consumer Engineering,Remote,Netflix,Full-time,"$100,000 - $720,000 a year",3.9
Senior Software Development Engineer,New York,Freddie Mac,Full-time,"$116,000 - $174,000 a year",3.8
"Staff Software Engineer, Fullstack (Developer - Onchain Payments)",Remote,Coinbase,Full-time,"$218,025 - $256,500 a year",3.9
"Senior Software Engineer, 1",New York,Dotdash Meredith,Full-time,"$145,000 - $160,000 a year",3.2
Senior Staff Full Stack Software Engineer,Hybrid work in Chicago,Grainger,Full-time,"$143,000 - $238,400 a year",3.6
Software Engineer,Cerritos,V-Soft Solutions,Full-time,"$176,134 a year",N/A
Staff Software Engineer (Back End),Seattle,Viant,Full-time,"$150,000 - $210,000 a year",4.4
Sr Software Engineer,San Francisco,Uber,Full-time,"$198,000 - $220,000 a year",3.4
Application Software Engineer,Huntington Beach,Safran,Full-time,"$96,760 - $152,050 a year",3.7
Senior Software Engineer,Westminster,Caterpillar,Full-time,"$161,886 - $179,640 a year",3.8
"Senior Software Engineer, Workspaces - US (Remote)",Remote in San Francisco,Weights & Biases,Full-time,"$177,000 - $245,000 a year",N/A
Senior Software Engineer,Hybrid work in Texas,Simplifi Holdings LLC,Full-time,"$130,000 - $150,000 a year",N/A
Senior Software Developer,Remote,U-Haul,Full-time,"$7,623.20 - $10,046.40 a month",3.4
Senior Software Development Engineer,Remote in Austin,CVS Health,Full-time,"$92,700 - $185,400 a year",3.2
Staff Software Engineer,Bellevue,Chewy,Full-time,"$169,500 - $271,500 a year",2.8
Software Engineer,Hybrid work in State College,Siemens,Full-time,"$87,600 - $157,700 a year",4
Software Engineer,Hybrid work in Denver,"Medpace, Inc.",Full-time,"$70,000 - $145,000 a year",2.6
Software Engineer,Los Angeles,Viant,Full-time,"$130,000 - $150,000 a year",4.4
Senior Software Engineer - (100% Remote),Remote in Washington,Serco North America,Full-time,"$121,744.58 - $210,984.64 a year",3.4
Staff Software Engineer - mParticle - NYC,Hybrid work in New York,mParticle,Full-time,"$200,000 - $375,000 a year",N/A
Senior Software Engineer,Remote,Velo3D,Full-time,"$190,000 - $210,000 a year",3.3
Software Engineer,University Park,Penn State University,Full-time,"$109,300 - $191,000 a year",4.3
"Software Development Engineer, Sales Platform",Hybrid work in Seattle,PitchBook Data,Full-time,"$145,000 - $165,000 a year",3.8
Software Engineer,College Park,University of Maryland,Full-time,"$70,000 - $73,000 a year",4.1
"Distinguished MTS, Software Engineer",Hybrid work in San Jose,PayPal,Full-time,"$144,800 - $319,000 a year",3.8
Senior Software Engineer - API,Plano,DISH,Full-time,"$96,250 - $137,500 a year",3.2
"Full Stack Engineer (React, Node.js)",Remote,ghSMART,Full-time,"$150,000 - $195,000 a year",N/A
"Software Engineer, PatientKeeper",Boston,Commure + Athelas,Full-time,"$130,000 - $190,000 a year",N/A
Full Stack Software Enginner II,Englewood,DISH,Full-time,"$72,400 - $103,400 a year",3.2
Senior Software Development Engineer,Santa Clara,Fortinet,Full-time,"$140,000 - $180,000 a year",3.7
MTS Software Engineer,San Francisco,Salesforce,Full-time,"$155,605 - $188,600 a year",4.2
"Staff Software Engineer, Full Stack",Hybrid work in San Jose,PayPal,Full-time,"$84,500 - $204,600 a year",3.8
"Software Engineer, Real Time",Seattle,OpenAI,Full-time,"$255,000 - $405,000 a year",4.5
Software Development III 2025-00725,Cheyenne,State of Wyoming,Full-time,"$5,636.27 a month",3.6
Software Engineer: Platform Software and Services,Foster City,Zoox,Full-time,"$165,000 - $264,000 a year",3.1
Software Engineer II,Seattle,HNTB Corporation,Full-time,"$90,753.47 - $136,130.21 a year",3.7
AI Software Developer,Ann Arbor,University of Michigan,Full-time,"$75,000 - $80,000 a year",4.3
Software Engineer 2025,Hybrid work in Chicago,Marquette Associates Inc,Full-time,"$130,000 - $140,000 a year",N/A
SOFTWARE ENGINEER TRAINEE,Oyster Bay,Mill-Max,Full-time,"$60,000 - $90,000 a year",N/A
"Software Engineer, Batch Data",Hybrid work in Seattle,Tecton,Full-time,"$197,000 - $237,000 a year",N/A
"Sr. Software Engineer, Runtime",Seattle,Viant,Full-time,"$130,000 - $180,000 a year",4.4
Senior Software Engineer - Frontend,Remote in United States,kraken,Full-time,"$127,000 - $203,000 a year",3.6
Software Engineer,Hybrid work in State College,Siemens,Full-time,"$87,600 - $157,700 a year",4
"Senior, Software Engineer",Denver,"VIZIO, Inc.",Full-time,"$100,000 - $150,000 a year",3.6
Java Full Stack Developer (contract),Jersey City,BNY Mellon,Contract,$49.02 - $61.27 an hour,3.5
"Senior Software Engineer, New Product Introduction",Menlo Park,PacBio,Full-time,"$112,000 - $168,000 a year",3.7
Software Engineer II - Backend,Redwood City,Observe.AI,Full-time,"$150,000 - $175,000 a year",N/A
Entry Level Software Engineer,San Diego,EchoStar,Full-time,"$65,500 - $90,000 a year",3.2
"Software Engineer, Lab Systems",Fremont,Neuralink,Full-time,"$119,000 - $200,000 a year",1.5
Software Engineer (1-3 Years Experience),Hybrid work in Spokane,Commerce Architects,Full-time,"$85,000 - $105,000 a year",N/A
Software Engineer,Sacramento,Siemens,Full-time,"$121,451 - $162,000 a year",4
Software Engineer,Peoria,Caterpillar,Full-time,"$132,101 - $155,400 a year",3.8
Software Engineer Trainee,Oyster Bay,"Mill-Max Mfg., Corp",Full-time,"$60,000 - $90,000 a year",N/A
Staff Software Engineer,Seattle,Hertz,Full-time,"From $200,000 a year",3.2
Senior Software Engineer,Chevy Chase,GEICO,Full-time,N/A,N/A
"Software Development Engineer, FinTech",Seattle,Amazon.com Services LLC,Full-time,"$129,300 - $223,600 a year",3.5
"Software Engineer, Cybersecurity",Hybrid work in Santa Clara,Johnson & Johnson,Full-time,"$89,000 - $165,600 a year",4.2
"Senior Software Engineer, API",Remote,Headspace,Full-time,"$122,400 - $195,500 a year",3.6
"Sr. Engineer, Software",Remote,Verint Systems Inc.,Full-time,N/A,N/A
Senior Backend Software Engineer - Data,Chevy Chase,GEICO,Full-time,"$90,000 - $185,000 a year",3.1
Backend Software Developer,Las Vegas,"Ellis Island Casino, Village Pubs, Mt. Charleston",Full-time,"$90,000 - $120,000 a year",N/A
Sr Software Development Engineer,Hybrid work in Wellesley,CVS Health,Full-time,"$92,700 - $222,480 a year",3.2
Senior Software Engineer,San Mateo,IXL Learning,Full-time,"$130,000 - $200,000 a year",3.1
Senior Software Engineer - Streaming,Hybrid work in Palo Alto,Rivian and VW Group Technology,Full-time,"$132,100 - $165,100 a year",N/A
"Software Engineer II, Recommendations",Seattle,Rover,Full-time,"$118,000 - $153,000 a year",4.3
"Senior Full Stack Engineer, Payments",Remote in Lehi,GoodLeap,Full-time,"$146,000 - $170,000 a year",3.3
Software Integration Engineer - Autonomous Systems,Clarksburg,Forterra,Full-time,"$130,000 - $200,000 a year",3.5
Senior Full-Stack Software Engineer,Remote in Seattle,Photon,Full-time,"$52,000 - $182,000 a year",4
Full Stack Developer,Remote,CareCentrix,N/A,N/A,N/A
"Senior Software Engineer, Full Stack (Java, Angular, AWS)",McLean,Information Technology Senior Management Forum,N/A,N/A,N/A
"Staff Software Engineer, Fullstack (Developer - Onchain Payments)",Remote,Coinbase,N/A,N/A,N/A
Java Software Engineer-US,Remote,Bellwood Labs,N/A,N/A,N/A
Senior Software Engineer (back-end),Remote,Proof.com,N/A,N/A,N/A
Software Engineer - Java Developer with React,Charlotte,Lowe's,N/A,N/A,N/A
"Senior, Software Engineer",Denver,"VIZIO, Inc.",N/A,N/A,N/A
"Software Engineer, Backend",Seattle,OpenAI,N/A,N/A,N/A
Software Engineer II,San Jose,HNTB Corporation,N/A,N/A,N/A
Java Microservices Software Developer,Irving,Citi,N/A,N/A,N/A
"Software Development Engineer, Web Information System",Bellevue,"Amazon Development Center U.S., Inc.",N/A,N/A,N/A
Backend Software Engineer,Culver City,The Prehab Guys LLC,N/A,N/A,N/A
Software Integration Engineer,Annapolis Junction,Cornerstone Defense,N/A,N/A,N/A
Senior Software Development Engineer,San Jose,Adobe,N/A,N/A,N/A
Senior Software Engineer II,Remote in United States,Seismic,N/A,N/A,N/A
Software Engineer II,Durham,Broadcom,N/A,N/A,N/A
Full stack Software Engineer,Fairfield,"Cambridge Investment Research, Inc.",N/A,N/A,N/A
Senior Software Engineer - (100% Remote),Remote in Washington,Serco North America,N/A,N/A,N/A
Senior Software Engineer,Hybrid work in New York,Ramp Financial,N/A,N/A,N/A
Software Developer,Albany,NYSERDA,N/A,N/A,N/A
Graduate C++ Software Engineer,Miami,DA VINCI DERIVATIVES,N/A,N/A,N/A
Research Software Engineer,Pasadena,California Institute of Technology,N/A,N/A,N/A
Junior Software Developer,United States,The Tatitlek Corporation,N/A,N/A,N/A
Senior Software Engineer,New York,"Fiserv, Inc.",N/A,N/A,N/A
Software Engineer,Pasadena,California Institute of Technology,N/A,N/A,N/A
Senior Full Stack Engineer,San Jose,Adobe,N/A,N/A,N/A
Senior Software Engineer,McLean,Freddie Mac,N/A,N/A,N/A
Options: Software Developer,New York,"D. E. Shaw & Co., L.P.",N/A,N/A,N/A
Senior Software Engineer - Backend,Seattle,Hive,N/A,N/A,N/A
Platform Software Engineer- San Diego (R3137),San Diego,SHIELD AI,N/A,N/A,N/A
"Frontend Developer, New York",New York,Talos Global,N/A,N/A,N/A
Software Engineer - Java Full Stack - Associate/AVP,Hybrid work in Jersey City,"MUFG Bank, Ltd.",N/A,N/A,N/A
Software Engineer I,Hybrid work in New Brighton,Safran,N/A,N/A,N/A
Software Engineer I/II,Hybrid work in Long Beach,Laserfiche,N/A,N/A,N/A
Full Stack Software Engineer,Suitland,Soft Tech Consulting,Full-time,"$130,000 - $160,000 a year",4.3
Senior Software Engineer - Javascript Stack - Full Stack,Louisville,Gaia,N/A,N/A,N/A
Full Stack Python Developer III,Chicago,Bank of America,N/A,N/A,N/A
Senior Software Development Engineer,Atlanta,Workday,Full-time,"$145,900 - $259,200 a year",3.9
Jr. Software Engineer,Ashburn,Obscurity Labs,N/A,N/A,N/A
Experienced Software Engineer - Backend,San Francisco,Plaid,N/A,N/A,N/A
Senior Software Engineer,New York,"Twitch Interactive, Inc.",Full-time,"$151,300 - $261,500 a year",3.5
Senior Software Engineer,Irvine,Thales,N/A,N/A,N/A
Senior Software Engineer,Hybrid work in Bethesda,"Marriott International, Inc",N/A,N/A,N/A
Senior Software Developer,Naperville,Edwards Lifesciences,Full-time,"$118,000 - $167,000 a year",3.9
"Software Engineer, Backend - Financial Products (Mid-level and above)",Hybrid work in San Francisco,CloudTrucks,N/A,N/A,N/A
Senior Software Engineer - Billing,Hybrid work in Santa Clara,Dremio,N/A,N/A,N/A
Software Developer 3,Stanford,Stanford University,Full-time,"$160,221 - $190,905 a year",4.2
SOFTWARE ENGINEER,Monmouth Junction,Siri Software Solutions,N/A,N/A,N/A
"Sr Engineer, Software",Frisco,"T-Mobile USA, Inc.",Full-time,"$113,600 - $205,000 a year",3.7
S3 Full Stack Engineer,New York,Apollo,N/A,N/A,N/A
"Software Engineer, AVP - Liquids Technology",New York,Blackstone Group,N/A,N/A,N/A
Software Engineer - Managing Investments Team,Chicago,UBS,Full-time,"$140,000 - $180,000 a year",3.8
"Senior Software Engineer - New York, NY",New York,Capsule,N/A,N/A,N/A
Front End UI Software Engineer III,Livermore,Abbott Laboratories,N/A,N/A,N/A
Sr. Full Stack Software Engineer,Hybrid work in Hoffman Estates,PCONA Panasonic Connect North America,N/A,N/A,N/A
"Software Engineer, Robotics",Fremont,Neuralink,Full-time,"$119,000 - $200,000 a year",1.5
Sr Software Engineer,Remote in Austin,HEB,N/A,N/A,N/A
Full-Stack Java Developer,United States,Hachette Book Group,N/A,N/A,N/A
Senior Front-End Software Engineer,Hybrid work in Santa Clara,percipient.ai,Full-time,"$155,000 - $200,000 a year",N/A
Sr. Software Engineer (Applications),Moorpark,AeroVironment,N/A,N/A,N/A
Senior Software Engineer,Salt Lake City,Western Governors University,N/A,N/A,N/A
"Senior Software Engineer, Backend",Hybrid work in New York,Parabola,Full-time,"$160,000 - $195,000 a year",N/A
Software Dev Engineer II,New York,Amazon.com Services LLC,N/A,N/A,N/A
"Software Engineer, Growth (Full-stack)",Chicago,ActiveCampaign,Full-time,"$104,000 - $143,000 a year",3.2
"Full Stack Engineer (React, Node.js)",Remote,ghSMART,N/A,N/A,N/A
"Software Engineer, PatientKeeper",Boston,Commure + Athelas,N/A,N/A,N/A
Python Software Engineer II,Jersey City,JPMorganChase,Full-time,"$118,750 - $150,000 a year",3.9
Software Engineer (E),Milpitas,KLA,N/A,N/A,N/A
Software Engineer II,Seattle,HNTB Corporation,N/A,N/A,N/A
Senior Backend Engineer,Remote in San Francisco,Tonal,Full-time,"$136,000 - $190,000 a year",3.2
Software Engineer,San Francisco,"Twitch Interactive, Inc.",N/A,N/A,N/A
"Senior Software Engineer, YouTube",Mountain View,YouTube,N/A,N/A,N/A
SOFTWARE ENGINEER I,Monmouth Junction,Siri Software Solutions,Full-time,"$179,982 a year",N/A
SOFTWARE ENGINEER II,Monmouth Junction,Siri Software Solutions,N/A,N/A,N/A
Deloitte Technology |Product Engineering |Fullstack Software Engineer| Vision360,New York,Deloitte,N/A,N/A,N/A
Software Engineer VI (Full Stack),Palo Alto,Chai,Full-time,"$275,000 - $400,000 a year",3.8
"Senior Software Engineer, Front End",Richmond,Information Technology Senior Management Forum,N/A,N/A,N/A
"Senior Software Engineer, E-Commerce",Santa Monica,O Positiv,N/A,N/A,N/A
Senior Software Engineer - Customer Care Team,Seattle,Qualtrics,Full-time,"$139,500 - $254,500 a year",3.5
Software Engineer,University Park,Penn State University,N/A,N/A,N/A
Senior Software Engineer - Streaming,Hybrid work in Palo Alto,Rivian and VW Group Technology,Full-time,"$132,100 - $165,100 a year",N/A
Senior Software Engineer,Remote,Velo3D,N/A,N/A,N/A
"Senior Principal Software Engineer, Backend",Remote,Dataminr,N/A,N/A,N/A
Software Engineer Trainee,Oyster Bay,"Mill-Max Mfg., Corp",Full-time,"$60,000 - $90,000 a year",N/A
Software Engineer I/II,Hybrid work in Long Beach,Laserfiche,N/A,N/A,N/A
Senior Software Engineer,Colorado Springs,Parsons,N/A,N/A,N/A
Sr. Software Engineer,Cerritos,V-Soft Solutions,Full-time,"$177,029 a year",N/A
Software Engineer 4,New York,Conde Nast,N/A,N/A,N/A
Full Stack C# Developer – Software Engineer,Chandler,Applied Materials,N/A,N/A,N/A
Sr Software Engineer - Full Stack Developer,Charlotte,Lowe's,Full-time,"$95,100 - $180,700 a year",3.4
APEX Software Developer,Laurel,Red Alpha,N/A,N/A,N/A
"Sr. Software Engineer, Lumonic",Hybrid work in New York,PitchBook Data,N/A,N/A,N/A
Software Engineer - JavaScript/Angular,Hybrid work in Buffalo,M&T Bank,N/A,N/A,N/A
"Software Engineer III, Verily Me",Boston,Verily,Full-time,"$125,000 - $178,000 a year",3.9
Senior Backend Engineer,Remote in San Francisco,Tonal,Full-time,"$136,000 - $190,000 a year",3.2
Sr Software Engineer,Remote in Austin,HEB,N/A,N/A,N/A
Software Engineer - Digital Marketing,Hybrid work in Seattle,Redfin,N/A,N/A,N/A
Sr. Software Engineer,San Mateo,Rekuten Global,N/A,N/A,N/A
Principal Software Engineer,New York,Genentech,Full-time,"$145,100 - $269,500 a year",4
"Frontend Engineer II, Amazon Data Firehose",East Palo Alto,"Amazon Development Center U.S., Inc.",N/A,N/A,N/A
R&D Software Engineer,Loveland,"Keysight Technologies, Inc.",N/A,N/A,N/A
Software Developer,Poway,General Atomics and Affiliated Companies,Full-time,"$105,890 - $189,545 a year",3.7
Asset & Wealth Management- Associate- New York- Software Engineer,New York,Goldman Sachs,N/A,N/A,N/A
Java Software Engineer,Aurora,DPG Solutions,N/A,N/A,N/A
Senior Software Engineer- Analytics,Hybrid work in San Mateo,"Guidewire Software, Inc.",Full-time,"$144,000 - $240,000 a year",3.7
Junior Software Engineer,Remote in Fort Meade,Base-2 Solutions,N/A,N/A,N/A
"Software Development Engineer IV, Premera Web",Hybrid work in Mountlake Terrace,Premera Blue Cross,N/A,N/A,N/A
Senior Software Engineer - Bellevue,Seattle,Aircall,Full-time,"$150,000 - $220,000 a year",N/A
Senior Software Developer - Perdoceo Education Corporation,Remote,Perdoceo Education Corporation,N/A,N/A,N/A
Senior Software Engineer,Remote in United States,"Trusted Space, Inc.",Full-time,"$165,000 - $212,000 a year",N/A
Senior Front End Software Engineer – Ad Experiences,Mountain View,Samsung Electronics,N/A,N/A,N/A
"Senior Software Development Engineer, Developer Experience",Hybrid work in Seattle,Remitly,N/A,N/A,N/A
"Senior Software Engineer (Python/Java) (Fort Myers, FL)",Hybrid work in Fort Myers,Gartner,Full-time,"$100,000 - $149,000 a year",3.7
Full-Stack Software Engineer – BI Applications,Portland,WEX Inc.,N/A,N/A,N/A
Senior Software Engineer - High Performance Computing,Seattle,Zoox,N/A,N/A,N/A
Senior Software Engineer - Full Stack,Hybrid work in San Francisco,Bright Machines,Full-time,"$180,000 - $230,000 a year",4
Senior Software Engineer - API Management,San Francisco,Splunk,N/A,N/A,N/A
"Software Engineer, Simulation",San Francisco Bay Area,Kodiak,N/A,N/A,N/A
Senior Software Engineer,Rockville,Finra,Full-time,"$95,300 - $206,200 a year",3.8
Senior Software Engineer,Las Vegas,NV Energy,N/A,N/A,N/A
Software Engineer Level 1,Annapolis Junction,BTS Software Solutions,N/A,N/A,N/A
"Backend Software Engineer, Leverage Engineering",San Francisco,OpenAI,Full-time,"$325,000 - $405,000 a year",4.5
Sr. Software Developer,Stanford,Stanford University,N/A,N/A,N/A
Senior Frontend Software Engineer,Chicago,Ubiety,Full-time,"$145,000 - $165,000 a year",N/A
"Senior Software Engineer, Back End",McLean,Information Technology Senior Management Forum,N/A,N/A,N/A
Senior Full Stack Software Engineer (E),Ann Arbor,KLA,N/A,N/A,N/A
Senior Full Stack Software Engineer,Hybrid work in Atlanta,Bellwood,Full-time,"$110,000 - $140,000 a year",N/A
Senior Software Engineer - Backend Services,Chicago,The University of Chicago,N/A,N/A,N/A
"Associate Director, Software Engineer",New York,UBS,N/A,N/A,N/A
Senior Software Engineer,Oak Brook,CNH Industrial,Full-time,"$105,750 - $141,000 a year",3.6
"Software Engineer, Platform Engineering I-III",Oakland,Everlaw,N/A,N/A,N/A
Software Engineer (Hybrid) - 22953,Hybrid work in Augusta,Huntington Ingalls Industries Inc.,N/A,N/A,N/A
Software Engineer II 03796 NWSOL,Remote in Richland,North Wind Group,Full-time,"$85,000 - $140,000 a year",2.8
Senior Software Development Engineer II [Platform],Bellevue,FIS Global,N/A,N/A,N/A
Senior Software Developer - Python,Hybrid work in Jersey City,Sumitomo Mitsui Banking Corporation,N/A,N/A,N/A
"Senior Software Engineer, Partner Engineering",San Francisco,Discord,N/A,N/A,N/A
Senior Software Engineer,San Jose,Adobe,Full-time,"$133,900 - $242,000 a year",4.3
"Senior Software Engineer, Full Stack",Hybrid work in New York,Parabola,N/A,N/A,N/A
Associate Software Engineer,Portland,WEX Inc.,Full-time,"$94,000 - $125,000 a year",3.2
Software Developer,San Ramon,HS Solutions,N/A,N/A,N/A
"Senior Software Engineer, Front End",Richmond,Information Technology Senior Management Forum,Full-time,"$144,200 - $164,600 a year",N/A
Deloitte Technology |Product Engineering |Fullstack Software Engineer| Vision360,New York,Deloitte,N/A,N/A,N/A
Staff Software Engineer - Backend,Hybrid work in Menlo Park,Cyngn,N/A,N/A,N/A
Junior Software Engineer,Hybrid work in Denver,"Medpace, Inc.",N/A,N/A,N/A
Staff Software Engineer - Backend,Seattle,Hive,Full-time,"$200,000 - $300,000 a year",3.4
"Senior Full Stack Software Development Engineer, Transfer Flow",Hybrid work in Seattle,Remitly,N/A,N/A,N/A
Java Developer III - (E3),Santa Clara,Applied Materials,N/A,N/A,N/A
Junior Software Developer,Wayne,Intellicomm Inc,Full-time,"$70,000 - $85,000 a year",N/A
Senior Software Engineer,Milpitas,KLA,N/A,N/A,N/A
Senior Software Engineer,San Francisco,Cyrad Solutions,N/A,N/A,N/A
Software Development Engineer I 2025,Seattle,"Amazon Development Center U.S., Inc.",Full-time,"$99,500 - $200,000 a year",3.4
Senior Software Developer,Hybrid work in Bloomington,COUNTRY Financial,N/A,N/A,N/A
Senior Full Stack Cloud Software Development Engineer – Claims,Richardson,CVS Health,N/A,N/A,N/A
Senior Software Engineer,California,Broadcom,Full-time,"$119,000 - $190,000 a year",3.8
"Senior Software Engineer, Developer Platform",San Bruno,Verily,N/A,N/A,N/A
Senior Software Engineer,O'Fallon,Mastercard,Full-time,"$115,000 - $184,000 a year",4
Full Stack Software Engineer/API Developer,Remote,Transamerica,N/A,N/A,N/A
Entry/Mid Level Software Engineer - Gosu/Guidewire/Java,Hybrid work in State Farm,Information Technology Senior Management Forum,N/A,N/A,N/A
Sr. Full Stack Software Engineer,Whippany,MetLife,Full-time,"$100,000 - $140,000 a year",3.8
Senior Software Engineer,O'Fallon,Mastercard,N/A,N/A,N/A
Senior Full Stack Software Engineer,New York,"Progyny, Inc",N/A,N/A,N/A
"Software Engineer, Financial Engineering",San Francisco,OpenAI,Full-time,"$255,000 - $405,000 a year",4.5
"Software Development Engineer III, Annapurna Labs",Seattle,Annapurna Labs (U.S.) Inc.,N/A,N/A,N/A
"Senior Software Engineer, BCI Applications",Fremont,Neuralink,N/A,N/A,N/A
Software Engineer,Hybrid work in Tampa,"MUFG Bank, Ltd.",Full-time,"$139,194 - $161,000 a year",3.3
SOFTWARE ENGINEER,Seattle,University of Washington,N/A,N/A,N/A
Software Engineer III - Quartz Security,New York,Bank of America,N/A,N/A,N/A
Software Engineer - Storage,Hybrid work in Seattle,MotherDuck,Full-time,"$140,000 - $240,000 a year",N/A
Senior Frontend Software Engineer,Chicago,Ubiety,N/A,N/A,N/A
Staff Software Engineer - Backend,Hybrid work in Menlo Park,Cyngn,Full-time,"$190,000 - $246,250 a year",N/A
Software Engineer - Liquidity Trade Processing - Associate - NYC,New York,Goldman Sachs,N/A,N/A,N/A
Software Developer (On-Site),Boca Raton,Windward Risk Managers,N/A,N/A,N/A
Software Engineer II - Cloud & Industrial AI,Hybrid work in Bellevue,Siemens,Full-time,"$105,100 - $189,200 a year",4
Software Engineer (Full-Stack),Herndon,National Student Clearinghouse,N/A,N/A,N/A
Senior Software Engineer,New York,Accrete.AI,N/A,N/A,N/A
Software Developer Sr.,Hybrid work in Bloomington,COUNTRY Financial,Full-time,"$94,000 - $129,250 a year",3.6
"Sr. Fullstack Software Engineer, Fleetnet",Palo Alto,Tesla,N/A,N/A,N/A
Senior Software Engineer,San Jose,Adobe,N/A,N/A,N/A
Software Developer: Generative AI,New York,"D. E. Shaw & Co., L.P.",Full-time,"$200,000 - $250,000 a year",4.1
Senior Software Engineer,Hybrid work in Camas,Fisher Investments,N/A,N/A,N/A
"Senior Platform Engineer I, Backend",Remote in California,Second Dinner,N/A,N/A,N/A
Software Engineer - Asset Servicing - Associate - NYC - GBM Public,New York,Goldman Sachs,Part-time,"$115,000 - $180,000 a year",3.9
Senior Software Engineer,Manhattan,DEPARTMENT OF CITY PLANNING,N/A,N/A,N/A
Software Engineer,New York,JPMorganChase,Full-time,"$175,600 - $185,000 a year",3.9
Full Stack Engineer - San Francisco (Financial District),San Francisco,"Escalon Services, LLC.",N/A,N/A,N/A
Full-Stack Developer (E-Commerce),Seattle,Bezos Academy,N/A,N/A,N/A
"Software Engineer, Portfolio Management Systems",New York,Talos Global,Full-time,"$170,000 - $200,000 a year",N/A
"Sr. Software Development Engineer, Financial Services",Bellevue,Tesla,N/A,N/A,N/A
"Full Stack Engineer, Sora",Hybrid work in San Francisco,OpenAI,N/A,N/A,N/A
"Software Engineer (L5), Ads Identity Graph",New York,Netflix,N/A,N/A,N/A
Research Software Engineer,New York,New York University,Full-time,"$100,000 - $250,000 a year",4.2
Sr. Developer - Full Stack,New York,Stifel,N/A,N/A,N/A
"Senior Software Engineer ll, Core Platform",Mountain View,Moveworks.ai,N/A,N/A,N/A
"Software Engineer, Controls",Hybrid work in San Francisco Bay Area,Kodiak,Full-time,"$175,000 - $220,000 a year",3.9
"Senior Software Engineer, Design Systems",San Francisco,Discord,N/A,N/A,N/A
Entry/Mid Level Software Engineer - Gosu/Guidewire/Java,Hybrid work in United States,State Farm,N/A,N/A,N/A
Senior Full Stack Engineer - Telephony,Hybrid work in San Francisco,Frontapp,Full-time,"$168,800 - $197,400 a year",N/A
Senior Software Engineer,O'Fallon,Mastercard,N/A,N/A,N/A
Senior Software Engineer,Remote in Somerville,ActBlue,Full-time,"$157,791 - $183,207 a year",2.5
Princ Software Engineer,Mountain View,Gen Digital,N/A,N/A,N/A
"NAVAIR Software Engineer/Developer, Junior",California,AMERICAN SYSTEMS,N/A,N/A,N/A
"Senior Software Engineer, Identity Platform",San Francisco,OpenAI,Full-time,"$325,000 - $490,000 a year",4.5
Junior Software Engineer/Developer,Beavercreek,Riverside Research Institute,N/A,N/A,N/A
Principal Software Engineer,O'Fallon,Mastercard,N/A,N/A,N/A
"Senior Software Engineer, Developer Experience Team",Foster City,Zoox,Full-time,"$185,000 - $303,000 a year",3.1
R&D Software Engineer,Santa Rosa,"Keysight Technologies, Inc.",N/A,N/A,N/A
"API Services - Senior Software Engineer - Java, Spring Boot",Hybrid work in Buffalo,M&T Bank,N/A,N/A,N/A
"Full Stack Software Engineer, AWS Data Center Engineering",Seattle,Amazon.com Services LLC,Full-time,"$129,300 - $223,600 a year",3.5
"Senior Software Engineer, Inbound Team - Hybrid - Seattle",Seattle,Nordstrom Inc,N/A,N/A,N/A
"Sr. Software Development Engineer, Marketing Platform",Hybrid work in Seattle,PitchBook Data,N/A,N/A,N/A
Research Software Engineer,Baltimore,Johns Hopkins University,Full-time,"$150,000 - $200,000 a year",4
Senior Software Engineer,Hybrid work in Franklin,Aristocrat,N/A,N/A,N/A
"Senior Software Engineer/Software Engineer, SRE (US Federal)",Boulder,Workday,N/A,N/A,N/A
Software Developer – SMA & Muni Trading,San Diego,PIMCO,Full-time,"$105,000 - $115,000 a year",3.9
Lead Software Engineer,O'Fallon,Mastercard,N/A,N/A,N/A
Senior Software Engineer (Back-End),New York,Simons Foundation,Full-time,"$160,000 - $200,000 a year",3.8
Java Developer – Algorithmic Trading & SOR,New York,UBS,N/A,N/A,N/A
System Software Engineer - Storage,San Mateo,Verkada,N/A,N/A,N/A
Principal Software Engineer - Full Stack,Hybrid work in San Francisco,Bright Machines,Full-time,"$210,000 - $270,000 a year",4
"Senior Software Engineer, Back-end",Los Angeles,Q-CTRL,N/A,N/A,N/A
"Bioinformatics Software Engineer II- Remote, USA",Remote in California,Ambry Genetics Corporation,N/A,N/A,N/A
"Senior Software Engineer, Mobile Full-Stack",San Francisco,Inkitt,Full-time,"$110,000 - $324,000 a year",2.8
Calibre Software Engineer (C++),Hybrid work in Austin,Siemens,N/A,N/A,N/A
Full Stack Senior Engineer,Salt Lake City,Mastercard,N/A,N/A,N/A
Software Engineer - Full Stack for M&C Products,Duluth,"Viasat, Inc.",Full-time,"$83,500 - $156,000 a year",3.7
"Senior Software Engineer II, Agentic AI Platform",Mountain View,Moveworks.ai,N/A,N/A,N/A
"Information Technology (IT) Software Engineer I, II, Senior",Turlock,Turlock Irrigation District,N/A,N/A,N/A
"Sr Java Software Engineer with Python - VP - RUTHERFORD, NJ",Rutherford,Citi,N/A,N/A,N/A
"Sr. Full Stack Software Engineer, Distributed Systems, Energy Software",Palo Alto,Tesla,Full-time,"$120,000 - $252,000 a year",3.3
GM Commercial Software - Senior Backend Software Engineer,Mountain View,General Motors,Full-time,"$152,100 - $232,900 a year",4
"Full Stack Engineer, Fleet Scheduling",Hybrid work in San Francisco,OpenAI,N/A,N/A,N/A
Software Engineer III,Fort Eustis,BTS Software Solutions,N/A,N/A,N/A
"Senior Software Engineer, AWS Neuron Inference",Seattle,Annapurna Labs (U.S.) Inc.,Full-time,"$151,300 - $261,500 a year",3.4
Physics/Math Graduate - Entry Level Software Developer,Vienna,EAI Technologies,N/A,N/A,N/A
Software Engineer Senior for FIS® Securities Lending,New York,FIS Global,N/A,N/A,N/A
Principal Engineer Software (Infrastructure Platform Full Stack),Hybrid work in Santa Clara,Palo Alto Networks,Full-time,"$191,000 - $215,500 a year",3.8
